HomeTeam;AwayTeam;FTHomeGol;FTAwayGol;HomeShot;AwayShot;HomeCorner;AwayCorner
Fulham;Arsenal;0;3;5;13;2;3
Crystal Palace;Southampton;1;0;5;9;7;3
Liverpool;Leeds;4;3;22;6;9;0
West Ham;Newcastle;0;2;15;15;8;7
West Brom;Leicester;0;3;7;13;2;5
Tottenham;Everton;0;1;9;15;5;3
Brighton;Chelsea;1;3;13;10;4;3
Sheffield United;Wolves;0;2;9;11;12;5
Everton;West Brom;5;2;17;6;11;1
Leeds;Fulham;4;3;10;14;5;3
Man United;Crystal Palace;1;3;13;14;9;3
Arsenal;West Ham;2;1;7;14;7;5
Southampton;Tottenham;2;5;14;9;3;2
Newcastle;Brighton;0;3;6;13;7;1
Chelsea;Liverpool;0;2;5;18;1;11
Leicester;Burnley;4;2;14;16;15;4
Aston Villa;Sheffield United;1;0;18;4;10;4
Wolves;Man City;1;3;10;14;4;6
Brighton;Man United;2;3;18;7;7;1
Crystal Palace;Everton;1;2;8;10;7;6
West Brom;Chelsea;3;3;9;22;3;9
Burnley;Southampton;0;1;10;5;8;2
Sheffield United;Leeds;0;1;14;17;5;7
Tottenham;Newcastle;1;1;23;6;10;4
Man City;Leicester;2;5;16;7;3;4
West Ham;Wolves;4;0;15;11;1;3
Fulham;Aston Villa;0;3;16;12;5;3
Liverpool;Arsenal;3;1;21;4;7;3
Chelsea;Crystal Palace;4;0;17;4;8;5
Everton;Brighton;4;2;11;11;3;10
Leeds;Man City;1;1;12;23;7;10
Newcastle;Burnley;3;1;10;7;3;4
Leicester;West Ham;0;3;4;14;6;4
Southampton;West Brom;2;0;13;5;5;1
Arsenal;Sheffield United;2;1;6;6;2;4
Wolves;Fulham;1;0;14;10;6;2
Man United;Tottenham;1;6;5;22;2;4
Aston Villa;Liverpool;7;2;18;14;2;7
Everton;Liverpool;2;2;11;22;2;5
Chelsea;Southampton;3;3;11;13;6;2
Man City;Arsenal;1;0;13;11;6;6
Newcastle;Man United;1;4;7;28;0;7
Sheffield United;Fulham;1;1;10;15;2;5
Crystal Palace;Brighton;1;1;1;20;2;5
Tottenham;West Ham;3;3;11;13;3;7
Leicester;Aston Villa;0;1;11;10;2;7
West Brom;Burnley;0;0;13;9;8;2
Leeds;Wolves;0;1;13;7;8;3
Aston Villa;Leeds;0;3;12;27;6;5
West Ham;Man City;1;1;6;14;2;10
Fulham;Crystal Palace;1;2;16;14;4;4
Man United;Chelsea;0;0;14;6;9;6
Liverpool;Sheffield United;2;1;17;13;7;3
Southampton;Everton;2;0;12;6;4;5
Wolves;Newcastle;1;1;16;5;2;3
Arsenal;Leicester;0;1;12;6;9;3
Brighton;West Brom;1;1;5;9;6;2
Burnley;Tottenham;0;1;13;9;4;5
Wolves;Crystal Palace;2;0;15;11;7;6
Sheffield United;Man City;0;1;5;16;2;5
Burnley;Chelsea;0;3;5;14;3;4
Liverpool;West Ham;2;1;9;4;1;2
Aston Villa;Southampton;3;4;19;9;11;1
Newcastle;Everton;2;1;11;15;5;4
Man United;Arsenal;0;1;8;7;6;3
Tottenham;Brighton;2;1;9;6;4;5
Fulham;West Brom;2;0;13;10;5;2
Leeds;Leicester;1;4;11;10;10;3
Brighton;Burnley;0;0;19;4;5;3
Southampton;Newcastle;2;0;15;4;8;3
Everton;Man United;1;3;7;13;5;2
Crystal Palace;Leeds;4;1;10;9;3;6
Chelsea;Sheffield United;4;1;20;6;6;7
West Ham;Fulham;1;0;16;13;9;5
West Brom;Tottenham;0;1;12;19;9;6
Leicester;Wolves;1;0;10;7;6;3
Man City;Liverpool;1;1;7;10;1;2
Arsenal;Aston Villa;0;3;13;15;3;8
Newcastle;Chelsea;0;2;8;14;7;4
Aston Villa;Brighton;1;2;15;7;12;3
Tottenham;Man City;2;0;4;22;0;10
Man United;West Brom;1;0;17;7;8;2
Fulham;Everton;2;3;14;9;2;5
Sheffield United;West Ham;0;1;9;15;2;6
Leeds;Arsenal;0;0;25;9;5;3
Liverpool;Leicester;3;0;24;11;10;3
Burnley;Crystal Palace;1;0;10;15;4;7
Wolves;Southampton;1;1;20;7;7;4
Crystal Palace;Newcastle;0;2;12;14;7;3
Brighton;Liverpool;1;1;11;6;4;3
Man City;Burnley;5;0;19;9;6;4
Everton;Leeds;0;1;15;23;4;2
West Brom;Sheffield United;1;0;17;21;14;9
Southampton;Man United;2;3;10;15;5;9
Chelsea;Tottenham;0;0;13;5;3;3
Arsenal;Wolves;1;2;13;11;8;4
Leicester;Fulham;1;2;16;10;6;5
West Ham;Aston Villa;2;1;6;16;3;7
Burnley;Everton;1;1;8;13;8;4
Man City;Fulham;2;0;16;6;9;3
West Ham;Man United;1;3;19;15;5;4
Chelsea;Leeds;3;1;23;8;8;4
West Brom;Crystal Palace;1;5;9;18;4;6
Sheffield United;Leicester;1;2;4;13;6;5
Tottenham;Arsenal;2;0;6;11;3;9
Liverpool;Wolves;4;0;11;9;4;6
Brighton;Southampton;1;2;12;10;4;3
Leeds;West Ham;1;2;13;19;5;6
Wolves;Aston Villa;0;1;16;13;5;8
Newcastle;West Brom;2;1;12;13;4;3
Man United;Man City;0;0;11;9;4;3
Everton;Chelsea;1;0;9;10;6;6
Southampton;Sheffield United;3;0;16;3;8;4
Crystal Palace;Tottenham;1;1;16;14;4;7
Fulham;Liverpool;1;1;10;12;6;8
Arsenal;Burnley;0;1;18;10;13;4
Leicester;Brighton;3;0;15;12;9;5
Wolves;Chelsea;2;1;12;13;5;6
Man City;West Brom;1;1;26;5;13;2
Arsenal;Southampton;1;1;9;13;2;7
Leeds;Newcastle;5;2;25;10;7;4
Leicester;Everton;0;2;14;11;4;6
Fulham;Brighton;0;0;9;9;1;8
Liverpool;Tottenham;2;1;17;8;7;4
West Ham;Crystal Palace;1;1;9;8;5;3
Aston Villa;Burnley;0;0;27;6;11;1
Sheffield United;Man United;2;3;12;14;6;3
Crystal Palace;Liverpool;0;7;5;14;5;4
Southampton;Man City;0;1;9;11;6;6
Everton;Arsenal;2;1;9;13;4;3
Newcastle;Fulham;1;1;12;11;2;9
Brighton;Sheffield United;1;1;21;5;14;2
Tottenham;Leicester;0;2;8;17;5;3
Man United;Leeds;6;2;26;17;11;13
West Brom;Aston Villa;0;3;1;19;1;7
Burnley;Wolves;2;1;10;15;1;7
Chelsea;West Ham;3;0;11;6;5;4
Leicester;Man United;2;2;10;9;5;0
Aston Villa;Crystal Palace;3;0;21;13;4;4
Fulham;Southampton;0;0;10;3;6;3
Arsenal;Chelsea;3;1;15;19;7;9
Man City;Newcastle;2;0;11;7;7;3
Sheffield United;Everton;0;1;10;7;6;3
Leeds;Burnley;1;0;11;14;4;12
West Ham;Brighton;2;2;11;13;5;4
Liverpool;West Brom;1;1;17;5;8;3
Wolves;Tottenham;1;1;11;6;9;2
Crystal Palace;Leicester;1;1;4;17;2;5
Chelsea;Aston Villa;1;1;16;10;11;4
Brighton;Arsenal;0;1;13;11;5;4
Burnley;Sheffield United;1;0;5;7;3;5
Southampton;West Ham;0;0;8;8;4;3
West Brom;Leeds;0;5;4;14;3;10
Man United;Wolves;1;0;11;9;2;2
Newcastle;Liverpool;0;0;8;11;5;12
Everton;West Ham;0;1;10;11;5;4
Man United;Aston Villa;2;1;19;5;5;10
Tottenham;Leeds;3;0;20;18;3;5
Crystal Palace;Sheffield United;2;0;9;7;3;6
Brighton;Wolves;3;3;13;11;5;8
West Brom;Arsenal;0;4;7;21;3;5
Newcastle;Leicester;1;2;8;9;3;6
Chelsea;Man City;1;3;9;18;5;3
Southampton;Liverpool;1;0;7;17;1;10
Sheffield United;Newcastle;1;0;17;7;5;2
Burnley;Man United;0;1;11;13;3;4
Wolves;Everton;1;2;12;5;6;5
Man City;Brighton;1;0;16;5;8;4
Tottenham;Fulham;1;1;15;15;6;5
Arsenal;Crystal Palace;0;0;11;12;7;3
Wolves;West Brom;2;3;23;12;11;0
Leeds;Brighton;0;1;7;7;5;2
West Ham;Burnley;1;0;15;10;7;4
Fulham;Chelsea;0;1;10;21;1;12
Leicester;Southampton;2;0;16;8;2;5
Sheffield United;Tottenham;1;3;15;14;5;7
Liverpool;Man United;0;0;17;8;7;3
Man City;Crystal Palace;4;0;13;2;11;1
Arsenal;Newcastle;3;0;20;4;7;2
West Ham;West Brom;2;1;14;6;3;1
Leicester;Chelsea;2;0;8;9;6;3
Man City;Aston Villa;2;0;28;11;16;2
Fulham;Man United;1;2;12;15;2;8
Liverpool;Burnley;0;1;27;6;12;0
Aston Villa;Newcastle;2;0;14;7;5;4
Crystal Palace;West Ham;2;3;6;17;3;4
Newcastle;Leeds;1;2;22;9;9;5
Southampton;Arsenal;1;3;13;9;4;5
West Brom;Man City;0;5;4;18;3;8
Burnley;Aston Villa;3;2;10;18;2;4
Chelsea;Wolves;0;0;14;4;13;1
Brighton;Fulham;0;0;16;10;10;0
Everton;Leicester;1;1;8;19;5;11
Man United;Sheffield United;1;2;16;5;7;2
Tottenham;Liverpool;1;3;3;14;1;2
Everton;Newcastle;0;2;11;13;7;12
Crystal Palace;Wolves;1;0;11;6;1;6
Man City;Sheffield United;1;0;10;4;10;0
West Brom;Fulham;2;2;5;12;2;3
Arsenal;Man United;0;0;17;14;4;7
Southampton;Aston Villa;0;1;20;8;7;1
Chelsea;Burnley;2;0;19;1;4;2
Leicester;Leeds;1;3;18;8;6;4
West Ham;Liverpool;1;3;8;14;6;5
Brighton;Tottenham;1;0;16;8;9;2
Sheffield United;West Brom;2;1;14;8;9;2
Wolves;Arsenal;2;1;11;9;9;6
Man United;Southampton;9;0;24;3;5;3
Newcastle;Crystal Palace;1;2;21;6;9;1
Burnley;Man City;0;2;2;17;1;3
Fulham;Leicester;0;2;8;9;5;2
Leeds;Everton;1;2;16;10;7;1
Aston Villa;West Ham;1;3;9;20;7;3
Liverpool;Brighton;0;1;11;13;6;3
Tottenham;Chelsea;0;1;7;18;2;7
Aston Villa;Arsenal;1;0;12;14;3;7
Burnley;Brighton;1;1;20;10;8;7
Newcastle;Southampton;3;2;6;14;0;7
Fulham;West Ham;0;0;20;8;7;3
Man United;Everton;3;3;14;6;5;1
Tottenham;West Brom;2;0;13;4;8;0
Wolves;Leicester;0;0;13;13;8;2
Liverpool;Man City;1;4;8;8;6;1
Sheffield United;Chelsea;1;2;8;9;1;8
Leeds;Crystal Palace;2;0;17;8;5;3
Leicester;Liverpool;3;1;11;15;2;12
Crystal Palace;Burnley;0;3;13;16;7;4
Man City;Tottenham;3;0;15;7;4;2
Brighton;Aston Villa;0;0;26;4;9;2
Southampton;Wolves;1;2;7;10;4;6
West Brom;Man United;1;1;7;10;4;5
Arsenal;Leeds;4;2;13;9;4;5
Everton;Fulham;0;2;7;12;5;4
West Ham;Sheffield United;3;0;13;8;7;7
Chelsea;Newcastle;2;0;18;10;10;5
Burnley;Fulham;1;1;8;8;5;5
Everton;Man City;1;3;3;16;0;10
Wolves;Leeds;1;0;15;18;7;9
Southampton;Chelsea;1;1;4;9;3;6
Burnley;West Brom;0;0;6;10;5;5
Liverpool;Everton;0;2;15;9;7;2
Fulham;Sheffield United;1;0;15;4;6;4
West Ham;Tottenham;2;1;4;20;5;7
Aston Villa;Leicester;1;2;11;16;7;8
Arsenal;Man City;0;1;7;15;1;3
Man United;Newcastle;3;1;15;10;6;4
Brighton;Crystal Palace;1;2;25;3;13;0
Leeds;Southampton;3;0;11;13;2;4
Man City;West Ham;2;1;10;9;4;2
West Brom;Brighton;1;0;6;15;7;4
Leeds;Aston Villa;0;1;13;9;7;5
Newcastle;Wolves;1;1;19;14;3;5
Crystal Palace;Fulham;0;0;3;16;1;3
Leicester;Arsenal;1;3;8;12;2;7
Tottenham;Burnley;4;0;16;10;3;4
Chelsea;Man United;0;0;18;11;3;4
Sheffield United;Liverpool;0;2;8;16;4;3
Everton;Southampton;1;0;7;9;4;10
Man City;Wolves;4;1;22;6;10;2
Burnley;Leicester;1;1;12;15;5;8
Sheffield United;Aston Villa;1;0;9;16;2;7
Crystal Palace;Man United;0;0;8;11;4;6
Fulham;Tottenham;0;1;11;9;4;1
West Brom;Everton;0;1;11;11;3;3
Liverpool;Chelsea;0;1;7;11;5;2
Burnley;Arsenal;1;1;9;15;2;4
Sheffield United;Southampton;0;2;8;15;7;3
Aston Villa;Wolves;0;0;9;10;5;3
Brighton;Leicester;1;2;7;8;6;6
West Brom;Newcastle;0;0;13;9;9;7
Liverpool;Fulham;0;1;16;10;9;4
Man City;Man United;0;2;23;8;6;2
Tottenham;Crystal Palace;4;1;12;5;1;5
Chelsea;Everton;2;0;19;7;7;3
West Ham;Leeds;2;0;16;17;6;6
Man City;Southampton;5;2;17;11;5;5
Newcastle;Aston Villa;1;1;12;15;2;2
Leeds;Chelsea;0;0;7;15;8;5
Crystal Palace;West Brom;1;0;6;12;3;2
Everton;Burnley;1;2;14;14;7;4
Fulham;Man City;0;3;3;8;4;2
Southampton;Brighton;1;2;9;8;4;5
Leicester;Sheffield United;5;0;19;1;9;1
Arsenal;Tottenham;2;1;13;6;6;3
Man United;West Ham;1;0;15;7;6;3
Wolves;Liverpool;0;1;10;12;3;2
Fulham;Leeds;1;2;13;13;13;7
Brighton;Newcastle;3;0;11;3;3;1
West Ham;Arsenal;3;3;15;16;3;5
Aston Villa;Tottenham;0;2;8;9;5;8
Chelsea;West Brom;2;5;18;14;10;3
Leeds;Sheffield United;2;1;23;9;5;7
Leicester;Man City;0;2;5;11;1;1
Arsenal;Liverpool;0;3;3;16;1;2
Southampton;Burnley;3;2;24;7;6;7
Newcastle;Tottenham;2;2;22;11;7;3
Aston Villa;Fulham;3;1;14;15;4;4
Man United;Brighton;2;1;15;5;5;6
Everton;Crystal Palace;1;1;15;13;3;4
Wolves;West Ham;2;3;20;9;4;2
Fulham;Wolves;0;1;14;7;3;4
Man City;Leeds;1;2;29;2;9;3
Liverpool;Aston Villa;2;1;23;9;7;0
Crystal Palace;Chelsea;1;4;1;23;0;8
Burnley;Newcastle;1;2;24;10;13;3
West Ham;Leicester;3;2;4;15;1;9
Tottenham;Man United;1;3;12;12;7;5
Sheffield United;Arsenal;0;3;7;14;2;4
West Brom;Southampton;3;0;15;14;5;10
Brighton;Everton;0;0;23;8;10;3
Everton;Tottenham;2;2;18;12;6;3
Newcastle;West Ham;3;2;16;16;3;8
Wolves;Sheffield United;1;0;10;8;3;3
Arsenal;Fulham;1;1;18;3;11;1
Man United;Burnley;3;1;17;10;8;3
Leeds;Liverpool;1;1;12;17;10;8
Chelsea;Brighton;0;0;7;11;0;3
Tottenham;Southampton;2;1;12;10;5;5
Aston Villa;Man City;1;2;8;13;1;11
Leicester;West Brom;3;0;17;4;7;3
Arsenal;Everton;0;1;14;8;7;3
Liverpool;Newcastle;1;1;22;7;6;3
West Ham;Chelsea;0;1;9;17;4;2
Sheffield United;Brighton;1;0;7;17;2;12
Wolves;Burnley;0;4;12;14;8;5
Leeds;Man United;0;0;6;16;2;6
Aston Villa;West Brom;2;2;24;10;11;4
Leicester;Crystal Palace;2;1;13;4;7;2
Southampton;Leicester;1;1;5;23;0;10
Crystal Palace;Man City;0;2;9;20;2;6
Brighton;Leeds;2;0;17;11;2;9
Chelsea;Fulham;2;0;9;10;1;8
Everton;Aston Villa;1;2;16;13;3;6
Newcastle;Arsenal;0;2;5;19;3;7
Tottenham;Sheffield United;4;0;20;8;6;6
West Brom;Wolves;1;1;10;20;5;6
Burnley;West Ham;1;2;8;22;5;4
Leicester;Newcastle;2;4;25;14;9;6
Leeds;Tottenham;3;1;16;11;8;6
Sheffield United;Crystal Palace;0;2;7;21;5;11
Man City;Chelsea;1;2;16;12;6;2
Liverpool;Southampton;2;0;14;12;8;4
Wolves;Brighton;2;1;16;5;10;5
Aston Villa;Man United;1;3;11;18;5;6
West Ham;Everton;0;1;11;9;5;6
Arsenal;West Brom;3;1;15;12;6;6
Fulham;Burnley;0;2;21;14;8;4
Man United;Leicester;1;2;4;12;3;4
Southampton;Crystal Palace;3;1;13;11;12;8
Chelsea;Arsenal;0;1;19;5;9;1
Aston Villa;Everton;0;0;13;15;9;1
Man United;Liverpool;2;4;18;17;6;4
Newcastle;Man City;3;4;11;15;4;5
Burnley;Leeds;0;4;16;16;6;8
Southampton;Fulham;3;1;11;10;6;5
Brighton;West Ham;1;1;10;15;3;3
Crystal Palace;Aston Villa;3;2;23;19;7;7
Tottenham;Wolves;2;0;24;15;10;3
West Brom;Liverpool;1;2;10;26;9;13
Everton;Sheffield United;0;1;16;10;11;4
Man United;Fulham;1;1;13;8;6;1
Southampton;Leeds;0;2;18;15;4;5
Brighton;Man City;3;2;19;8;5;3
Chelsea;Leicester;2;1;17;7;6;5
Everton;Wolves;1;0;14;9;7;12
Newcastle;Sheffield United;1;0;16;11;5;2
Tottenham;Aston Villa;1;2;10;20;4;5
Crystal Palace;Arsenal;1;3;12;6;6;7
Burnley;Liverpool;0;3;10;20;6;7
West Brom;West Ham;1;3;14;21;6;8
Arsenal;Brighton;2;0;16;5;11;3
Aston Villa;Chelsea;2;1;6;23;2;9
Fulham;Newcastle;0;2;14;10;5;4
Leeds;West Brom;3;1;17;14;8;3
Leicester;Tottenham;2;4;10;11;8;7
Liverpool;Crystal Palace;2;0;19;5;14;1
Man City;Everton;5;0;21;8;7;5
Sheffield United;Burnley;1;0;12;10;8;9
West Ham;Southampton;3;0;14;17;2;3
Wolves;Man United;1;2;14;9;6;2
